sample,maxbin,metabat,vamb
V00H9L,116.0,0.0,214.0
V010T4,183.0,180.0,159.0
V03HFT,91.0,0.0,210.0
V03ZU2,114.0,0.0,198.0
V045JG,108.0,0.0,274.0
V04J9U,183.0,180.0,316.0
V04PTT,146.0,0.0,155.0
V04YHL,118.0,0.0,220.0
V05U4U,148.0,133.0,106.0
V06KB2,150.0,0.0,264.0
V06KFU,92.0,0.0,161.0
V06SEH,82.0,0.0,45.0
V0874O,121.0,0.0,227.0
V08XFS,135.0,0.0,242.0
V0AID4,105.0,94.0,104.0
V0AMNJ,169.0,141.0,199.0
V0APMK,93.0,104.0,88.0
V0BI0R,103.0,86.0,75.0
V0BVU1,177.0,154.0,266.0
V0CQP6,116.0,0.0,213.0
V0D5WV,148.0,0.0,168.0
V0DKRO,129.0,0.0,265.0
V0ETQ8,32.0,0.0,133.0
V0F9CA,150.0,101.0,217.0
V0IQLM,84.0,78.0,157.0
V0IY5L,145.0,128.0,199.0
V0L3ZF,73.0,0.0,129.0
V0L9VT,245.0,213.0,346.0
V0LIS3,186.0,171.0,140.0
V0N1JE,216.0,158.0,280.0
V0O0SI,146.0,118.0,202.0
V0O2SL,121.0,0.0,197.0
V0OK4P,158.0,0.0,346.0
V0OQ7E,107.0,0.0,258.0
V0RG9C,154.0,0.0,280.0
V0RM90,49.0,0.0,102.0
V0SB8J,97.0,0.0,209.0
V0VB50,190.0,0.0,288.0
V0W7HW,214.0,190.0,338.0
V0WV71,201.0,0.0,292.0
V0X1YJ,111.0,103.0,204.0
V0X3ZZ,41.0,0.0,113.0
V0XUBQ,179.0,175.0,295.0
V0YSOI,121.0,0.0,185.0
V0ZBIG,79.0,0.0,192.0
V0ZWZC,122.0,0.0,164.0
V10GYU,218.0,195.0,255.0
V10WZV,177.0,0.0,249.0
V11J4E,191.0,167.0,197.0
V124P8,175.0,154.0,277.0
V137O7,155.0,0.0,225.0
V14WFH,184.0,159.0,222.0
V16IAN,140.0,148.0,194.0
V16X45,155.0,136.0,230.0
V19CVF,26.0,0.0,57.0
V1B2IT,91.0,0.0,240.0
V1BPF7,179.0,142.0,248.0
V1C5D9,128.0,113.0,242.0
V1CI71,171.0,0.0,217.0
V1DVG1,147.0,0.0,203.0
V1EHS4,96.0,75.0,92.0
V1EITB,181.0,0.0,293.0
V1F5KO,79.0,0.0,125.0
V1FI7F,32.0,0.0,49.0
V1FYCG,163.0,151.0,267.0
V1H58G,145.0,0.0,298.0
V1HQZB,83.0,85.0,68.0
V1JCFD,104.0,98.0,126.0
V1M14M,202.0,144.0,259.0
V1NN6P,78.0,0.0,156.0
V1OELW,90.0,0.0,106.0
V1PK1B,167.0,0.0,275.0
V1QE01,219.0,143.0,285.0
V1SUTZ,75.0,0.0,159.0
V1T1XL,218.0,189.0,303.0
V1TT57,129.0,0.0,238.0
V1WQ4B,210.0,187.0,302.0
V1WZON,184.0,157.0,198.0
V1Y06F,106.0,0.0,250.0
V1Y210,159.0,157.0,282.0
V1YEIC,43.0,0.0,89.0
V20PN5,97.0,74.0,86.0
V2144Z,73.0,0.0,148.0
V218Q5,94.0,0.0,231.0
V228GG,140.0,0.0,252.0
V22M5I,140.0,141.0,96.0
V22OST,56.0,0.0,132.0
V23DES,105.0,0.0,204.0
V23IHW,129.0,0.0,222.0
V23PXU,182.0,0.0,356.0
V247S0,135.0,0.0,201.0
V25RI2,190.0,191.0,340.0
V25ZP5,22.0,0.0,36.0
V26SW4,202.0,175.0,265.0
V27TGZ,170.0,184.0,163.0
V2906Q,172.0,124.0,193.0
V2930P,193.0,149.0,134.0
V296TD,194.0,0.0,371.0
V2A14B,109.0,0.0,159.0
V2BQZS,61.0,0.0,125.0
V2CRYT,188.0,0.0,180.0
V2D5Y7,164.0,129.0,114.0
V2E7YL,173.0,0.0,211.0
V2EKJ0,145.0,131.0,122.0
V2GRUA,96.0,0.0,190.0
V2IK6G,156.0,0.0,303.0
V2J7I2,92.0,82.0,145.0
V2K00U,98.0,0.0,153.0
V2KKNM,145.0,135.0,107.0
V2MEDT,47.0,0.0,62.0
V2MRMT,159.0,0.0,239.0
V2NES5,154.0,0.0,279.0
V2O859,242.0,187.0,323.0
V2O8PG,119.0,126.0,104.0
V2PGYS,65.0,0.0,118.0
V2PIKN,133.0,0.0,204.0
V2PPRV,158.0,0.0,288.0
V2TGVB,159.0,0.0,206.0
V2TSIZ,139.0,134.0,242.0
V2TT8Z,123.0,0.0,284.0
V2UG26,143.0,131.0,153.0
V2V54E,125.0,0.0,218.0
V2VJWP,152.0,124.0,250.0
V2WUG8,139.0,102.0,245.0
V2WX6R,231.0,185.0,366.0
V2ZAEY,129.0,114.0,222.0
V2ZR8J,124.0,0.0,179.0
V2ZRYJ,136.0,0.0,225.0
V31FC7,92.0,64.0,55.0
V32DY7,160.0,0.0,308.0
V33DNK,66.0,51.0,42.0
V349J9,194.0,152.0,237.0
V35L2C,145.0,0.0,185.0
V35QEW,110.0,0.0,165.0
V35YLP,91.0,0.0,230.0
V36UY6,83.0,0.0,437.0
V36VGE,179.0,165.0,149.0
V3844L,132.0,0.0,206.0
V388BR,120.0,0.0,176.0
V38FGV,96.0,0.0,177.0
V38PS1,128.0,123.0,255.0
V38TA2,72.0,0.0,172.0
V39XFJ,118.0,0.0,151.0
V3B6EO,89.0,0.0,139.0
V3B9IM,180.0,153.0,186.0
V3DSSB,143.0,0.0,182.0
V3EQF3,141.0,132.0,168.0
V3GX6P,150.0,0.0,204.0
V3HFCP,165.0,155.0,257.0
V3HR5H,147.0,0.0,236.0
V3I3CS,128.0,129.0,172.0
V3I3JQ,272.0,236.0,346.0
V3IB73,212.0,168.0,169.0
V3K654,129.0,104.0,198.0
V3KBMR,155.0,132.0,251.0
V3LK6T,172.0,162.0,142.0
V3M9D5,101.0,0.0,208.0
V3MK5S,236.0,207.0,446.0
V3MKJX,109.0,111.0,191.0
V3MZNT,101.0,0.0,247.0
V3NRFY,153.0,0.0,281.0
V3PRGW,58.0,0.0,115.0
V3QRHD,134.0,0.0,233.0
V3QWML,149.0,0.0,237.0
V3R0O9,133.0,0.0,266.0
V3RGCA,175.0,0.0,320.0
V3SIEJ,232.0,187.0,336.0
V3TLP0,212.0,180.0,276.0
V3U9VV,118.0,0.0,278.0
V3V4R5,109.0,82.0,103.0
V3V8M0,85.0,0.0,147.0
V3VRBX,198.0,169.0,285.0
V3VRTM,126.0,0.0,184.0
V3W65A,147.0,135.0,99.0
V3WVLS,25.0,0.0,87.0
V3ZZZH,73.0,0.0,247.0
V403E2,170.0,132.0,249.0
V41WWG,80.0,0.0,148.0
V422N7,228.0,155.0,294.0
V42X50,129.0,0.0,188.0
V4388S,118.0,0.0,210.0
V43FMX,92.0,0.0,166.0
V43NBV,163.0,140.0,143.0
V44S08,106.0,119.0,126.0
V45C0T,44.0,0.0,54.0
V45N04,99.0,0.0,210.0
V46GGV,98.0,0.0,155.0
V46NG6,238.0,231.0,384.0
V47GD0,96.0,84.0,128.0
V4824I,158.0,120.0,110.0
V49CSW,56.0,0.0,133.0
V4AA4Y,222.0,169.0,293.0
V4ALXV,267.0,189.0,252.0
V4BDZE,103.0,0.0,188.0
V4BF1X,219.0,181.0,214.0
V4CLBM,162.0,139.0,246.0
V4CXS7,155.0,0.0,270.0
V4EHO7,184.0,0.0,270.0
V4EROO,75.0,0.0,127.0
V4HFBS,202.0,166.0,300.0
V4HMN4,280.0,199.0,280.0
V4HQPV,169.0,156.0,143.0
V4IZR2,77.0,0.0,169.0
V4IZWO,81.0,0.0,166.0
V4J3DG,195.0,0.0,278.0
V4JH2B,232.0,217.0,312.0
V4K1M4,101.0,104.0,94.0
V4KZ09,123.0,0.0,164.0
V4LPYS,152.0,146.0,253.0
V4LXO6,254.0,165.0,169.0
V4NR6R,101.0,0.0,163.0
V4O7YS,58.0,0.0,180.0
V4OF9T,104.0,91.0,159.0
V4OKLR,146.0,133.0,228.0
V4OU5B,172.0,0.0,404.0
V4OUOI,115.0,0.0,155.0
V4PAWM,189.0,174.0,251.0
V4R2BO,99.0,61.0,95.0
V4RE1W,89.0,0.0,92.0
V4S8AO,76.0,0.0,144.0
V4SFLT,0.0,0.0,
V4SYGX,105.0,0.0,199.0
V4T8FP,129.0,0.0,227.0
V4T9C9,61.0,0.0,139.0
V4U4F1,178.0,0.0,338.0
V4UO31,148.0,0.0,252.0
V4UTSV,52.0,0.0,40.0
V4VMJ8,110.0,121.0,110.0
V4X3XF,74.0,0.0,124.0
V4Y7HA,92.0,0.0,175.0
V4Y8TL,174.0,124.0,136.0
V4Z0XV,86.0,87.0,89.0
V4Z3GI,119.0,0.0,261.0
V4ZIYY,58.0,0.0,88.0
V502CT,82.0,0.0,233.0
V51DMC,169.0,0.0,256.0
V51GBD,130.0,128.0,134.0
V51OWV,176.0,0.0,340.0
V528AK,52.0,54.0,39.0
V538VT,171.0,0.0,258.0
V53FDC,278.0,235.0,200.0
V53IWZ,162.0,0.0,280.0
V53X58,79.0,0.0,125.0
V549I8,239.0,236.0,400.0
V54HHN,57.0,0.0,86.0
V55KOT,178.0,164.0,314.0
V56X8J,212.0,168.0,190.0
V57SFJ,164.0,165.0,336.0
V58H3M,158.0,0.0,207.0
V5A626,180.0,150.0,182.0
V5CSNP,139.0,0.0,178.0
V5F8BY,152.0,0.0,235.0
V5F9JY,88.0,100.0,82.0
V5FT1E,132.0,0.0,263.0
V5G37R,131.0,112.0,239.0
V5GQ5O,157.0,0.0,244.0
V5HE1I,200.0,0.0,308.0
V5IE2U,124.0,0.0,202.0
V5IPFI,142.0,0.0,237.0
V5K18Z,107.0,0.0,207.0
V5KQYE,94.0,110.0,85.0
V5LLKT,64.0,0.0,143.0
V5M6T7,191.0,176.0,180.0
V5MLEE,104.0,0.0,177.0
V5NIUH,68.0,0.0,190.0
V5PHPV,224.0,185.0,301.0
V5PYEC,46.0,0.0,153.0
V5QHW0,210.0,219.0,387.0
V5QIRQ,84.0,0.0,168.0
V5RCKV,89.0,0.0,235.0
V5RFHW,109.0,0.0,143.0
V5RT3Y,175.0,0.0,235.0
V5SBKS,121.0,0.0,240.0
V5TGN9,75.0,0.0,140.0
V5ULXX,142.0,0.0,238.0
V5VXYK,137.0,0.0,221.0
V5Y6CN,138.0,0.0,266.0
V5YC9E,63.0,0.0,71.0
V5ZSBB,48.0,54.0,121.0
V601ZE,100.0,71.0,81.0
V60A10,115.0,0.0,216.0
V60HX3,197.0,208.0,324.0
V6255X,78.0,0.0,206.0
V62CWJ,104.0,109.0,180.0
V63613,85.0,0.0,164.0
V63O1J,167.0,149.0,137.0
V643W3,70.0,0.0,205.0
V64BY5,106.0,109.0,112.0
V667ET,139.0,125.0,188.0
V66RV6,69.0,0.0,148.0
V66SVJ,125.0,0.0,220.0
V67E83,95.0,0.0,156.0
V67RSJ,28.0,0.0,147.0
V680SY,92.0,0.0,144.0
V69MNU,69.0,0.0,135.0
V6A7TA,127.0,0.0,253.0
V6B09P,101.0,73.0,133.0
V6DKWB,168.0,0.0,196.0
V6DO26,152.0,110.0,224.0
V6DPVZ,199.0,183.0,296.0
V6ERPW,132.0,0.0,181.0
V6FAO7,115.0,0.0,190.0
V6G6IG,130.0,141.0,95.0
V6H0MM,84.0,0.0,141.0
V6HUPY,159.0,121.0,174.0
V6JQBG,88.0,0.0,187.0
V6LFOA,252.0,215.0,379.0
V6LGKV,0.0,0.0,225.0
V6LSYW,246.0,0.0,344.0
V6MAK5,195.0,124.0,293.0
V6OS4F,124.0,0.0,261.0
V6P7D2,292.0,239.0,179.0
V6PGJM,95.0,87.0,196.0
V6QVBQ,271.0,216.0,199.0
V6QVQM,105.0,0.0,178.0
V6RL47,103.0,0.0,117.0
V6SF50,121.0,0.0,201.0
V6SUUS,58.0,0.0,174.0
V6SZC7,218.0,190.0,183.0
V6TYKF,96.0,0.0,180.0
V6U9CP,48.0,60.0,44.0
V6VKWU,84.0,0.0,142.0
V6VPVZ,211.0,162.0,286.0
V6WAJC,146.0,0.0,180.0
V6WFKS,146.0,0.0,333.0
V6XH8G,151.0,118.0,198.0
V6YM6N,160.0,130.0,154.0
V70F47,57.0,0.0,80.0
V75JUD,116.0,0.0,204.0
V76NWH,123.0,129.0,117.0
V76R3R,152.0,125.0,230.0
V7737A,97.0,0.0,159.0
V7774F,185.0,184.0,250.0
V77S6P,128.0,123.0,174.0
V79TII,120.0,0.0,266.0
V79WFU,113.0,0.0,191.0
V7B29S,174.0,0.0,235.0
V7CDL5,193.0,144.0,222.0
V7CKE8,124.0,0.0,234.0
V7EM4L,135.0,115.0,234.0
V7FFHH,82.0,0.0,141.0
V7FW1R,135.0,116.0,212.0
V7H80T,91.0,93.0,128.0
V7HAZ8,141.0,0.0,193.0
V7HJF3,135.0,130.0,160.0
V7I6LF,63.0,0.0,126.0
V7IKOL,206.0,185.0,174.0
V7IMXI,158.0,0.0,252.0
V7K3RV,130.0,0.0,188.0
V7LAPG,120.0,0.0,160.0
V7LVPE,177.0,163.0,301.0
V7MUGL,56.0,0.0,83.0
V7NMEF,52.0,0.0,176.0
V7O2TS,105.0,0.0,143.0
V7OJZJ,191.0,0.0,347.0
V7OQ6K,167.0,0.0,253.0
V7OWGM,83.0,0.0,92.0
V7P0DC,111.0,0.0,164.0
V7QAH0,126.0,0.0,206.0
V7QC6G,62.0,0.0,107.0
V7QQFG,49.0,0.0,111.0
V7R14R,86.0,0.0,152.0
V7RTZY,51.0,0.0,125.0
V7RW2S,115.0,0.0,200.0
V7S9L3,159.0,0.0,322.0
V7SA3J,72.0,0.0,121.0
V7SILO,140.0,0.0,235.0
V7SOO2,121.0,0.0,238.0
V7U5FH,116.0,0.0,169.0
V7UCXM,43.0,0.0,100.0
V7VDAG,129.0,0.0,301.0
V7WXC4,193.0,0.0,235.0
V7WYEK,140.0,0.0,285.0
V7Z87V,142.0,166.0,139.0
V81G8X,216.0,164.0,324.0
V83E8E,128.0,116.0,163.0
V83J8S,227.0,199.0,145.0
V840ET,165.0,128.0,150.0
V86C7X,169.0,140.0,156.0
V86YNU,70.0,0.0,108.0
V87R7C,80.0,0.0,220.0
V88BZU,151.0,0.0,250.0
V88HBJ,126.0,0.0,154.0
V89PC5,67.0,59.0,131.0
V89RUE,84.0,79.0,85.0
V8A6PN,181.0,178.0,292.0
V8A98P,54.0,0.0,91.0
V8B7AS,144.0,129.0,202.0
V8BF42,54.0,0.0,101.0
V8D7YS,126.0,118.0,180.0
V8DTN6,106.0,0.0,78.0
V8DUSF,149.0,122.0,217.0
V8EA78,133.0,119.0,109.0
V8EITX,178.0,197.0,150.0
V8F17Q,134.0,132.0,223.0
V8F1JC,158.0,146.0,206.0
V8FXNG,135.0,0.0,180.0
V8GA84,83.0,0.0,207.0
V8GRSX,67.0,0.0,109.0
V8HDFI,65.0,0.0,223.0
V8I8N1,139.0,0.0,195.0
V8IY68,178.0,0.0,257.0
V8IZTN,282.0,205.0,367.0
V8J4MU,260.0,230.0,376.0
V8J895,58.0,0.0,62.0
V8K3YM,38.0,0.0,43.0
V8L57V,128.0,116.0,111.0
V8L9OK,146.0,146.0,215.0
V8M1K2,166.0,131.0,134.0
V8MITO,178.0,0.0,240.0
V8NRLG,130.0,118.0,107.0
V8ODQ7,210.0,0.0,325.0
V8PAF4,69.0,0.0,146.0
V8Q521,119.0,122.0,196.0
V8QAVH,143.0,0.0,315.0
V8QFOK,118.0,0.0,208.0
V8QO3N,105.0,0.0,204.0
V8R1TD,92.0,116.0,172.0
V8R4AG,280.0,198.0,342.0
V8RHG3,119.0,96.0,140.0
V8RU1D,141.0,0.0,209.0
V8SX5M,151.0,0.0,150.0
V8WCPE,139.0,122.0,174.0
V8X023,184.0,0.0,299.0
V8XAUP,128.0,119.0,91.0
V8XI8Q,133.0,0.0,256.0
V8XMND,86.0,0.0,100.0
V8Y03S,112.0,111.0,115.0
V9072B,138.0,0.0,251.0
V90RVA,0.0,182.0,258.0
V919Q2,131.0,118.0,196.0
V92CZ1,93.0,0.0,108.0
V9381G,193.0,0.0,285.0
V942L6,181.0,166.0,316.0
V944TO,86.0,0.0,128.0
V95KM2,133.0,120.0,157.0
V964S0,133.0,0.0,229.0
V96QEP,162.0,138.0,265.0
V96VVO,156.0,0.0,251.0
V97EBU,152.0,0.0,242.0
V97J9Z,113.0,0.0,177.0
V98RCE,145.0,0.0,255.0
V9930Y,95.0,0.0,248.0
V99AA5,65.0,0.0,184.0
V9B933,85.0,0.0,212.0
V9CUTJ,219.0,198.0,326.0
V9CZ1H,219.0,0.0,318.0
V9DHHW,155.0,0.0,304.0
V9DYXM,131.0,0.0,264.0
V9E4VW,178.0,151.0,254.0
V9E7KF,229.0,151.0,330.0
V9EN4M,187.0,171.0,124.0
V9GGFQ,36.0,0.0,27.0
V9GL9Z,155.0,151.0,147.0
V9GP2F,109.0,0.0,205.0
V9GZZQ,74.0,0.0,224.0
V9HGKF,82.0,0.0,169.0
V9HJCC,57.0,0.0,87.0
V9I1IC,175.0,141.0,178.0
V9I1JH,129.0,0.0,142.0
V9IP0Z,96.0,0.0,97.0
V9J61N,142.0,88.0,155.0
V9JP03,214.0,140.0,238.0
V9KDRC,180.0,0.0,293.0
V9KP7B,143.0,0.0,295.0
V9KTIJ,237.0,186.0,177.0
V9LGD5,174.0,137.0,182.0
V9LH4H,131.0,114.0,106.0
V9LSS5,159.0,150.0,152.0
V9OLUV,7.0,0.0,2.0
V9QGG2,69.0,53.0,74.0
V9QT74,212.0,159.0,188.0
V9RXC6,107.0,0.0,241.0
V9SUG3,91.0,0.0,166.0
V9SV4C,180.0,139.0,121.0
V9SW05,150.0,136.0,248.0
V9T3WX,51.0,0.0,100.0
V9TIKS,81.0,0.0,188.0
V9TITB,127.0,0.0,212.0
V9U38S,102.0,95.0,172.0
V9U6M4,234.0,202.0,347.0
V9UYJ4,112.0,94.0,90.0
V9V2LZ,147.0,0.0,287.0
V9V7VJ,138.0,0.0,304.0
V9VUWS,115.0,105.0,146.0
V9WA5N,133.0,0.0,248.0
V9WLQY,137.0,119.0,186.0
V9X8MH,81.0,0.0,154.0
V9XR3F,157.0,0.0,218.0
V9Y37D,113.0,0.0,132.0
V9Z3VE,94.0,0.0,160.0
V9ZBXY,106.0,0.0,247.0
VA004Z,164.0,143.0,211.0
VA0JBX,173.0,0.0,213.0
VA0W2A,177.0,0.0,231.0
VA1O8B,151.0,0.0,326.0
VA1T4X,47.0,0.0,94.0
VA2M1E,124.0,101.0,96.0
VA3FYE,182.0,0.0,326.0
VA3VD0,65.0,0.0,105.0
VA5SKQ,102.0,0.0,112.0
VA7CU4,161.0,0.0,195.0
VA8FKJ,217.0,167.0,311.0
VA8RLI,65.0,0.0,168.0
VA8SXT,167.0,159.0,279.0
VA8XPB,171.0,138.0,158.0
VA9K4R,149.0,0.0,277.0
VAEQ34,77.0,0.0,152.0
VAERO7,62.0,0.0,95.0
VAFLNX,192.0,0.0,245.0
VAG4Q8,173.0,0.0,336.0
VAGG3N,189.0,161.0,325.0
VAGYAN,82.0,66.0,160.0
VAH772,117.0,0.0,205.0
VAHF8S,229.0,202.0,298.0
VAHMQF,87.0,0.0,125.0
VAHV7I,150.0,0.0,204.0
VAI1ZY,153.0,122.0,113.0
VAI7LV,29.0,0.0,45.0
VAIW17,158.0,0.0,270.0
VAJ1MO,126.0,0.0,129.0
VAJ380,90.0,0.0,149.0
VAJLEJ,87.0,85.0,164.0
VAJUNN,86.0,0.0,147.0
VALC9T,198.0,0.0,293.0
VALKBG,87.0,94.0,80.0
VAOOQH,142.0,0.0,179.0
VAPK0E,137.0,130.0,147.0
VAQ2EH,95.0,0.0,177.0
VAQMDM,115.0,114.0,156.0
VAQXCB,181.0,0.0,318.0
VAR95B,61.0,44.0,56.0
VARF3W,40.0,0.0,71.0
VAS0F2,293.0,213.0,413.0
VAT1DQ,139.0,0.0,212.0
VAT7LH,221.0,178.0,152.0
VATUIC,179.0,153.0,284.0
VAU4CW,143.0,0.0,237.0
VAULOV,175.0,156.0,165.0
VAXHW5,168.0,0.0,274.0
VAYWBV,114.0,0.0,299.0
VAZ8B6,112.0,0.0,198.0
VAZM68,78.0,0.0,151.0
VB07CR,56.0,0.0,76.0
VB0SBO,182.0,144.0,270.0
VB1FWX,90.0,0.0,178.0
VB48BW,119.0,0.0,253.0
VB4LUH,249.0,192.0,322.0
VB5CDS,182.0,160.0,176.0
VB60U5,113.0,0.0,163.0
VB6RZH,89.0,0.0,127.0
VB6V0F,213.0,171.0,312.0
VB74PZ,222.0,192.0,303.0
VB7VUW,144.0,142.0,206.0
VB8SBT,196.0,174.0,258.0
VB930K,142.0,116.0,148.0
VB9SQ9,97.0,85.0,89.0
VBBUAG,111.0,0.0,176.0
VBC2EG,145.0,0.0,195.0
VBCY6U,162.0,129.0,179.0
VBE2IN,137.0,135.0,177.0
VBET8H,201.0,155.0,245.0
VBFDBB,96.0,0.0,188.0
VBGDV3,90.0,0.0,227.0
VBH4ZG,228.0,205.0,275.0
VBI2K9,98.0,0.0,213.0
VBJA3P,177.0,137.0,131.0
VBMSY7,179.0,202.0,143.0
VBMTCI,178.0,0.0,234.0
VBOMPV,108.0,112.0,148.0
VBOZMX,169.0,129.0,155.0
VBPRL4,134.0,115.0,185.0
VBQPVU,236.0,206.0,318.0
VBSJD8,147.0,152.0,134.0
VBSSCF,101.0,0.0,195.0
VBT9YO,153.0,0.0,271.0
VBTQSZ,206.0,200.0,264.0
VBU4D1,135.0,0.0,226.0
VBUY7L,110.0,0.0,127.0
VBVRP6,103.0,0.0,242.0
VBWU1L,213.0,179.0,179.0
VBY12V,86.0,80.0,95.0
VBY3GH,92.0,0.0,200.0
VBY4A5,104.0,101.0,74.0
VBYRB8,105.0,0.0,186.0
VBZB4B,134.0,109.0,90.0
VC0JIV,50.0,0.0,75.0
VC146T,88.0,0.0,125.0
VC1AJN,115.0,111.0,238.0
VC1QEE,136.0,0.0,231.0
VC26MG,165.0,131.0,96.0
VC2CE9,137.0,0.0,218.0
VC2J94,158.0,0.0,265.0
VC4LMF,94.0,0.0,112.0
VC5RY8,110.0,115.0,121.0
VC6DD5,125.0,109.0,199.0
VC6G6S,129.0,131.0,196.0
VC6XD8,158.0,0.0,220.0
VC70I8,106.0,105.0,71.0
VC7BF0,141.0,0.0,202.0
VC7WS4,134.0,95.0,175.0
VC7Z51,137.0,0.0,176.0
VC81G5,55.0,0.0,120.0
VC81ST,43.0,0.0,93.0
VC8LQO,119.0,0.0,187.0
VC98OA,137.0,124.0,199.0
VC9XZ6,76.0,0.0,162.0
VCCWF0,163.0,139.0,207.0
VCE0Y8,55.0,0.0,185.0
VCE74N,134.0,0.0,229.0
VCEMF9,80.0,0.0,126.0
VCEMYL,176.0,170.0,365.0
VCEVC7,88.0,0.0,161.0
VCG11X,51.0,0.0,103.0
VCG3ZR,102.0,0.0,192.0
VCG5G4,146.0,136.0,119.0
VCGY6Q,67.0,62.0,88.0
VCIDEN,144.0,124.0,186.0
VCIYWO,52.0,0.0,123.0
VCJBZ5,173.0,121.0,180.0
VCJHL2,204.0,0.0,320.0
VCK1IX,200.0,164.0,178.0
VCKWK5,43.0,0.0,103.0
VCL55A,209.0,0.0,260.0
VCLCF4,101.0,0.0,148.0
VCMFXW,198.0,169.0,1125.0
VCOA77,253.0,227.0,381.0
VCOOJY,147.0,0.0,134.0
VCPI8B,176.0,149.0,184.0
VCQTGT,151.0,128.0,244.0
VCQWG0,57.0,60.0,51.0
VCTAHJ,123.0,99.0,131.0
VCTJFG,91.0,89.0,149.0
VCUCNM,126.0,0.0,234.0
VCUGKF,156.0,151.0,160.0
VCUIHW,73.0,66.0,38.0
VCUZGG,78.0,0.0,119.0
VCV9EL,199.0,0.0,283.0
VCX2O5,145.0,136.0,236.0
VCXEFC,205.0,173.0,294.0
VCYQP6,99.0,0.0,175.0
VCZ2V3,173.0,146.0,151.0
VD0C3G,178.0,0.0,250.0
VD3ZPR,71.0,0.0,193.0
VD41WX,316.0,227.0,231.0
VD6OKK,71.0,79.0,125.0
VD6YPU,124.0,145.0,119.0
VD7NI5,172.0,145.0,136.0
VD941L,60.0,0.0,171.0
VD98G4,44.0,0.0,35.0
VD9EPU,207.0,167.0,283.0
VDA1O5,204.0,170.0,260.0
VDA8RQ,125.0,0.0,191.0
VDBEP1,150.0,123.0,191.0
VDCJGC,118.0,98.0,122.0
VDCYKC,73.0,0.0,109.0
VDD3EK,148.0,0.0,196.0
VDDFSZ,191.0,194.0,142.0
VDE0UP,176.0,145.0,153.0
VDENXC,256.0,162.0,299.0
VDFAIC,234.0,162.0,287.0
VDFRDM,184.0,139.0,287.0
VDGX00,148.0,138.0,232.0
VDHNR2,165.0,0.0,332.0
VDHWRV,117.0,0.0,166.0
VDI7FO,171.0,167.0,247.0
VDIDK8,180.0,171.0,232.0
VDIHML,69.0,62.0,81.0
VDIIS3,148.0,120.0,169.0
VDJ4SQ,163.0,132.0,153.0
VDJDSP,125.0,0.0,177.0
VDK15L,131.0,0.0,158.0
VDNKH2,177.0,147.0,130.0
VDNPG3,137.0,0.0,221.0
VDOFMW,114.0,94.0,208.0
VDOUU6,141.0,114.0,201.0
VDOZW7,217.0,154.0,222.0
VDQ78F,128.0,0.0,229.0
VDSC7I,269.0,215.0,390.0
VDSGZC,127.0,0.0,287.0
VDSI6K,131.0,0.0,139.0
VDSZV8,194.0,166.0,258.0
VDT6S2,97.0,0.0,135.0
VDTALT,158.0,0.0,181.0
VDU87L,76.0,0.0,235.0
VDUOAE,68.0,0.0,151.0
VDV0LO,120.0,108.0,121.0
VDVHRJ,166.0,121.0,94.0
VDW86S,112.0,0.0,175.0
VDWVK3,122.0,0.0,164.0
VDXV6K,39.0,0.0,58.0
VDYFS8,162.0,0.0,344.0
VDZJH4,131.0,132.0,237.0
VDZP45,159.0,147.0,155.0
VE0BRU,56.0,47.0,49.0
VE0RG7,182.0,140.0,245.0
VE0WMY,145.0,160.0,168.0
VE1J31,150.0,151.0,237.0
VE3OSU,128.0,0.0,218.0
VE3UMZ,258.0,167.0,296.0
VE4CJK,169.0,164.0,168.0
VE4MCU,127.0,109.0,139.0
VE4MQD,206.0,179.0,269.0
VE5C77,196.0,159.0,249.0
VE6LJ7,97.0,69.0,117.0
VE81X7,90.0,94.0,129.0
VE83OQ,169.0,159.0,127.0
VE8FI5,135.0,97.0,140.0
VE8NR0,109.0,86.0,60.0
VE8RF4,83.0,0.0,132.0
VE8VBP,271.0,259.0,401.0
VE94JL,113.0,0.0,109.0
VE954R,43.0,0.0,105.0
VEBQBC,87.0,0.0,100.0
VEC8FW,120.0,0.0,189.0
VEDG1U,115.0,0.0,196.0
VEED90,73.0,0.0,150.0
VEFRDA,150.0,0.0,222.0
VEFRKO,166.0,0.0,304.0
VEHD2Y,137.0,0.0,229.0
VEO8N0,72.0,0.0,102.0
VEOJ4I,188.0,155.0,127.0
VEOK8R,113.0,0.0,241.0
VEOO72,157.0,124.0,189.0
VEP80T,75.0,0.0,214.0
VEPCIN,51.0,67.0,61.0
VEQ5KC,122.0,0.0,286.0
VER2J7,305.0,232.0,197.0
VESUJC,116.0,0.0,233.0
VETSHN,69.0,0.0,195.0
VEU3OA,109.0,106.0,158.0
VEU81T,160.0,162.0,170.0
VEW4DS,189.0,0.0,183.0
VEWEUC,140.0,146.0,176.0
VEZ7YW,249.0,237.0,210.0
VEZUDR,169.0,0.0,217.0
VEZWOK,116.0,116.0,79.0
VF13QQ,26.0,48.0,25.0
VF1IDW,123.0,0.0,170.0
VF1KOZ,156.0,118.0,241.0
VF1M6Y,114.0,116.0,210.0
VF2Q5P,200.0,175.0,253.0
VF2UIE,68.0,77.0,114.0
VF436J,94.0,102.0,86.0
VF48GR,106.0,0.0,213.0
VF50S9,58.0,0.0,145.0
VF53CR,77.0,0.0,74.0
VF5J2H,132.0,106.0,293.0
VF64R7,205.0,145.0,314.0
VF6LCL,243.0,173.0,310.0
VF735V,57.0,0.0,156.0
VF7D84,70.0,0.0,116.0
VF7XWT,186.0,144.0,256.0
VF84TT,120.0,0.0,222.0
VF8NER,90.0,101.0,109.0
VF9LPS,166.0,112.0,187.0
VFA7TX,232.0,213.0,354.0
VFBW1M,184.0,142.0,335.0
VFC64U,124.0,0.0,208.0
VFCKVV,155.0,154.0,158.0
VFDNLO,105.0,86.0,67.0
VFESFK,160.0,0.0,296.0
VFEW39,132.0,0.0,241.0
VFFGHI,95.0,77.0,87.0
VFGPWM,130.0,111.0,210.0
VFHHQN,142.0,0.0,266.0
VFHVX3,87.0,0.0,177.0
VFJPCF,170.0,134.0,264.0
VFJRMI,178.0,145.0,240.0
VFK4IA,196.0,136.0,198.0
VFKD1E,213.0,0.0,293.0
VFKGL6,44.0,0.0,61.0
VFKVQQ,105.0,98.0,86.0
VFN61K,122.0,0.0,168.0
VFNDWT,122.0,0.0,238.0
VFNUW6,179.0,127.0,221.0
VFPGHQ,162.0,0.0,235.0
VFPSDX,225.0,217.0,362.0
VFQSEI,97.0,0.0,233.0
VFRA8A,195.0,174.0,252.0
VFRTH4,266.0,196.0,205.0
VFSO8C,98.0,0.0,193.0
VFSPEO,83.0,0.0,204.0
VFSXMT,136.0,0.0,307.0
VFT4Q5,78.0,0.0,189.0
VFUUDP,114.0,0.0,176.0
VFV8VW,63.0,0.0,106.0
VFWOPB,32.0,0.0,52.0
VFXAS9,161.0,139.0,235.0
VFXVVZ,99.0,0.0,179.0
VFXXKS,96.0,0.0,194.0
VFYJB2,86.0,0.0,154.0
VFZ765,148.0,152.0,131.0
VFZRX0,109.0,83.0,149.0
VG2I1V,229.0,151.0,235.0
VG2PS6,145.0,133.0,221.0
VG2ZKB,223.0,158.0,249.0
VG40EF,68.0,0.0,153.0
VG442A,175.0,127.0,225.0
VG5FYD,96.0,91.0,136.0
VG71B8,129.0,117.0,174.0
VG76GK,105.0,79.0,120.0
VG8Z98,145.0,0.0,264.0
VGAIX6,139.0,105.0,210.0
VGAK8X,112.0,104.0,113.0
VGCPDM,87.0,0.0,188.0
VGCQOM,87.0,0.0,194.0
VGCWOT,131.0,131.0,124.0
VGDIMA,143.0,0.0,128.0
VGEXJI,139.0,145.0,233.0
VGEZ5X,138.0,0.0,288.0
VGHF2J,116.0,0.0,122.0
VGHLVX,83.0,0.0,138.0
VGI7Q5,153.0,0.0,200.0
VGJDR2,209.0,168.0,325.0
VGM6AB,226.0,186.0,298.0
VGMLUK,104.0,0.0,137.0
VGNNE2,97.0,94.0,90.0
VGP5J1,205.0,171.0,266.0
VGP5R6,101.0,100.0,132.0
VGQMGR,78.0,0.0,163.0
VGRMAC,248.0,220.0,231.0
VGTB48,8.0,0.0,
VGU4S7,271.0,214.0,201.0
VGVFGP,162.0,127.0,100.0
VGW4DS,83.0,0.0,158.0
VGW7JQ,158.0,131.0,186.0
VGWO5R,124.0,0.0,256.0
VGXCLN,135.0,109.0,176.0
VGXMGU,128.0,0.0,241.0
VGYSAU,248.0,178.0,334.0
VGYWXY,135.0,120.0,157.0
VGZ2B8,189.0,163.0,292.0
VGZ2XW,107.0,111.0,111.0
VGZJVW,80.0,0.0,82.0
VGZKT8,52.0,0.0,157.0
VGZMGK,174.0,0.0,229.0
VH0PS3,73.0,0.0,161.0
VH0QJE,135.0,0.0,282.0
VH158F,94.0,0.0,146.0
VH24V1,158.0,0.0,270.0
VH3A20,88.0,0.0,183.0
VH4BVY,64.0,0.0,142.0
VH66Q6,108.0,0.0,189.0
VH7C06,154.0,0.0,277.0
VH9C80,222.0,145.0,245.0
VH9W5P,66.0,0.0,161.0
VHB2F2,39.0,33.0,47.0
VHC1OA,160.0,113.0,94.0
VHCR5N,130.0,0.0,256.0
VHCS90,107.0,0.0,196.0
VHD2FK,133.0,0.0,249.0
VHDPR5,131.0,127.0,221.0
VHEUF9,145.0,0.0,262.0
VHEX54,54.0,0.0,115.0
VHFWD7,105.0,0.0,260.0
VHGBTK,74.0,0.0,121.0
VHGSNF,122.0,112.0,179.0
VHH1W0,158.0,108.0,211.0
VHH21X,112.0,96.0,139.0
VHH8EK,151.0,133.0,236.0
VHI9CU,138.0,136.0,106.0
VHISYH,52.0,0.0,158.0
VHJNNV,185.0,168.0,199.0
VHJS50,158.0,138.0,140.0
VHKBE9,178.0,166.0,309.0
VHMPAT,128.0,112.0,175.0
VHN1M0,240.0,173.0,325.0
VHNM0K,292.0,194.0,217.0
VHNPCE,73.0,0.0,151.0
VHOSFY,248.0,227.0,380.0
VHQGZK,77.0,0.0,128.0
VHQNA7,198.0,172.0,295.0
VHR2QB,125.0,115.0,124.0
VHRRQX,173.0,0.0,292.0
VHSOYZ,45.0,0.0,119.0
VHTW7V,73.0,61.0,148.0
VHU57A,130.0,0.0,176.0
VHUIRX,160.0,0.0,196.0
VHVL8E,185.0,168.0,262.0
VHVY0M,127.0,135.0,151.0
VHWGGK,86.0,0.0,231.0
VHWIM2,119.0,0.0,215.0
VHWRAO,120.0,115.0,119.0
VHY3KN,114.0,0.0,240.0
VHY7T8,151.0,144.0,132.0
VHYC0R,156.0,0.0,242.0
VHYUSR,60.0,0.0,105.0
VHYZ1R,87.0,0.0,190.0
VI0HG1,133.0,0.0,208.0
VI17SD,138.0,121.0,196.0
VI4E6Q,94.0,0.0,257.0
VI4OSB,204.0,0.0,268.0
VI5PHD,107.0,0.0,217.0
VI6N32,99.0,0.0,173.0
VI72RB,151.0,134.0,94.0
VI7FAH,96.0,0.0,135.0
VI7GET,239.0,161.0,301.0
VI7N13,144.0,121.0,119.0
VI7R7J,142.0,145.0,153.0
VI89J6,220.0,192.0,234.0
VI8ISR,40.0,0.0,85.0
VI8KBK,160.0,160.0,332.0
VI8VZ8,207.0,138.0,275.0
VI980E,84.0,62.0,54.0
VI9BD1,197.0,141.0,222.0
VI9JA0,136.0,120.0,167.0
VI9O15,229.0,208.0,316.0
VI9R2T,176.0,156.0,257.0
VIAJFJ,98.0,98.0,98.0
VIBDJG,120.0,0.0,209.0
VIBDV2,128.0,137.0,224.0
VIBK6W,202.0,173.0,219.0
VICXYT,222.0,167.0,292.0
VIE3LT,165.0,146.0,275.0
VII3PN,110.0,108.0,185.0
VIJS2P,158.0,132.0,121.0
VIMAGY,154.0,138.0,211.0
VIP6TO,101.0,100.0,118.0
VIQTES,140.0,131.0,242.0
VIQZMD,33.0,0.0,56.0
VIROJR,184.0,151.0,260.0
VISP6H,203.0,0.0,367.0
VISPPX,149.0,0.0,283.0
VISX5G,162.0,121.0,140.0
VIV02J,158.0,131.0,233.0
VIVMS4,129.0,0.0,250.0
VIVOYI,102.0,97.0,265.0
VIW1KV,130.0,0.0,202.0
VIXA7S,117.0,0.0,151.0
VIYDGY,96.0,0.0,196.0
VIYFJ1,104.0,0.0,164.0
VIYPAF,99.0,116.0,98.0
VIZ7JY,121.0,0.0,191.0
VIZEMD,164.0,0.0,367.0
VJ13TV,175.0,133.0,248.0
VJ1AZM,177.0,175.0,143.0
VJ2UBT,101.0,0.0,248.0
VJ3CGI,124.0,89.0,90.0
VJ3ILR,167.0,0.0,309.0
VJ4T6M,296.0,218.0,382.0
VJ5211,164.0,0.0,299.0
VJ5A2F,83.0,0.0,119.0
VJ6935,144.0,0.0,244.0
VJ6ZX4,154.0,124.0,207.0
VJ8DAT,121.0,0.0,199.0
VJALWB,134.0,117.0,206.0
VJAZQJ,153.0,0.0,243.0
VJB0XB,29.0,0.0,66.0
VJBFQ9,128.0,0.0,302.0
VJCXCZ,197.0,164.0,253.0
VJEFJG,157.0,0.0,301.0
VJFLVZ,219.0,171.0,189.0
VJGLCZ,135.0,0.0,283.0
VJGNWG,150.0,0.0,305.0
VJHFZW,120.0,0.0,207.0
VJJAN3,88.0,86.0,83.0
VJJOTE,102.0,81.0,188.0
VJJTFZ,135.0,0.0,294.0
VJKITJ,70.0,0.0,134.0
VJL8PR,163.0,0.0,289.0
VJLSQM,207.0,193.0,123.0
VJMD0H,152.0,140.0,228.0
VJNA5X,121.0,121.0,164.0
VJNEPQ,231.0,198.0,314.0
VJOX4H,197.0,0.0,278.0
VJPDB3,120.0,116.0,135.0
VJPT4S,240.0,201.0,169.0
VJQSL9,177.0,153.0,258.0
VJR62K,150.0,0.0,286.0
VJSXFB,57.0,0.0,129.0
VJT5HM,77.0,0.0,209.0
VJTG9V,219.0,176.0,243.0
VJUA46,197.0,153.0,269.0
VJV4SA,55.0,0.0,132.0
VJVD2N,196.0,0.0,295.0
VJVDEN,64.0,0.0,139.0
VJVR8F,39.0,44.0,46.0
VJX5RM,134.0,0.0,262.0
VJXW3O,215.0,223.0,1556.0
VJY5KH,66.0,0.0,122.0
VJYGTM,135.0,0.0,165.0
VJYNPP,65.0,79.0,60.0
VJZ9UB,152.0,0.0,239.0
VK0AS1,81.0,0.0,153.0
VK0DHL,181.0,158.0,299.0
VK0KYS,175.0,0.0,368.0
VK15H9,169.0,0.0,275.0
VK192D,77.0,0.0,86.0
VK2Z41,231.0,145.0,208.0
VK38FD,221.0,153.0,244.0
VK3BC3,123.0,0.0,209.0
VK3GPR,129.0,115.0,229.0
VK5EDT,118.0,122.0,104.0
VK5TCU,107.0,0.0,221.0
VK62QE,185.0,0.0,179.0
VK68RV,9.0,0.0,225.0
VK6J32,70.0,64.0,92.0
VK6UPU,90.0,0.0,165.0
VK75TS,244.0,216.0,146.0
VK7N96,130.0,0.0,173.0
VK8QK5,83.0,0.0,152.0
VK9MVQ,105.0,91.0,113.0
VKAE85,195.0,0.0,320.0
VKATX4,200.0,176.0,157.0
VKC8SA,128.0,0.0,196.0
VKEUWG,120.0,110.0,186.0
VKF5G4,239.0,223.0,423.0
VKF7RR,137.0,0.0,270.0
VKFG0Q,54.0,0.0,197.0
VKFHE3,133.0,0.0,134.0
VKFLIM,199.0,187.0,325.0
VKGLOX,150.0,0.0,230.0
VKHT3H,127.0,0.0,257.0
VKJVLJ,47.0,0.0,85.0
VKKYT9,141.0,146.0,114.0
VKLE3A,65.0,0.0,184.0
VKO4IZ,78.0,0.0,124.0
VKOIVW,201.0,150.0,338.0
VKOZXY,109.0,0.0,216.0
VKQCV6,134.0,119.0,186.0
VKQIZU,152.0,0.0,233.0
VKR391,116.0,0.0,212.0
VKS2ZE,177.0,0.0,321.0
VKS69N,264.0,216.0,376.0
VKSG4K,166.0,0.0,293.0
VKUB0K,102.0,0.0,202.0
VKUHEX,134.0,119.0,246.0
VKUW8T,107.0,0.0,183.0
VKUYA8,204.0,0.0,339.0
VKVAYI,168.0,162.0,137.0
VKVIWT,102.0,22.0,98.0
VKVJGH,77.0,0.0,85.0
VKWO2K,58.0,0.0,196.0
VKX1SB,301.0,270.0,1227.0
VKXDBA,202.0,0.0,285.0
VKXVY9,165.0,0.0,252.0
VKYZT5,147.0,0.0,245.0
VKZ1LX,155.0,162.0,249.0
VL2QXV,285.0,236.0,390.0
VL3BNE,141.0,129.0,117.0
VL3CQI,122.0,127.0,100.0
VL3YTE,166.0,135.0,226.0
VL4EV4,180.0,164.0,147.0
VL63BJ,259.0,205.0,379.0
VL6UTA,258.0,188.0,301.0
VL76KG,168.0,124.0,215.0
VL7GBF,252.0,188.0,375.0
VL8GTZ,106.0,0.0,279.0
VL8KLM,110.0,0.0,173.0
VL95AH,91.0,0.0,253.0
VL9SET,215.0,168.0,221.0
VLBFMN,57.0,0.0,80.0
VLC38X,82.0,0.0,115.0
VLC8WS,137.0,0.0,257.0
VLDIQY,196.0,0.0,254.0
VLDR27,92.0,0.0,173.0
VLDTT7,137.0,0.0,247.0
VLE13N,113.0,0.0,246.0
VLEGC4,142.0,155.0,189.0
VLFQHT,102.0,0.0,244.0
VLHVAI,148.0,0.0,190.0
VLIJAX,178.0,0.0,302.0
VLIN2S,85.0,0.0,121.0
VLINVF,142.0,0.0,277.0
VLJW9A,112.0,0.0,165.0
VLMK5J,114.0,0.0,236.0
VLNL5L,202.0,198.0,308.0
VLOX6X,198.0,148.0,337.0
VLP13D,120.0,0.0,233.0
VLPANX,164.0,133.0,117.0
VLPRN6,193.0,158.0,287.0
VLQ8JO,81.0,0.0,132.0
VLRI2K,140.0,0.0,243.0
VLRVA5,65.0,0.0,119.0
VLU9Q2,201.0,179.0,277.0
VLUM7Y,189.0,0.0,372.0
VLUVF1,111.0,103.0,91.0
VLV8KB,188.0,138.0,234.0
VLW4N4,72.0,0.0,211.0
VLWM8H,106.0,0.0,250.0
VLZ378,23.0,0.0,24.0
VLZSIR,63.0,0.0,160.0
VLZWJD,210.0,179.0,278.0
VM06OR,198.0,0.0,269.0
VM0DLN,72.0,0.0,141.0
VM0N9D,151.0,153.0,158.0
VM0X77,232.0,226.0,393.0
VM10DN,142.0,127.0,277.0
VM14J6,435.0,312.0,497.0
VM1846,228.0,192.0,188.0
VM1E7S,115.0,0.0,208.0
VM1T1W,122.0,0.0,257.0
VM2ETE,173.0,0.0,278.0
VM2QR6,88.0,0.0,175.0
VM59UA,110.0,85.0,84.0
VM6FOP,138.0,141.0,107.0
VM6N5L,73.0,0.0,179.0
VM6XPK,117.0,0.0,161.0
VM6ZKQ,42.0,0.0,79.0
VM72AL,183.0,0.0,213.0
VM7X3E,55.0,0.0,81.0
VM87HG,31.0,0.0,118.0
VM901L,209.0,174.0,231.0
VM9INH,144.0,0.0,251.0
VM9PPT,101.0,0.0,184.0
VMAX9W,150.0,0.0,226.0
VMB8U1,78.0,0.0,105.0
VMBNA8,131.0,100.0,75.0
VMDUO8,230.0,216.0,332.0
VMDV2X,192.0,0.0,323.0
VMEWF3,104.0,84.0,167.0
VMEXEG,165.0,148.0,329.0
VMF9IK,94.0,0.0,176.0
VMFS0X,200.0,0.0,310.0
VMFSOR,127.0,0.0,165.0
VMIPDW,108.0,102.0,147.0
VMJ7UM,141.0,0.0,224.0
VMJIGS,136.0,0.0,220.0
VMJVUD,230.0,152.0,271.0
VMKFSI,154.0,0.0,149.0
VMKWWO,110.0,110.0,203.0
VMN87H,66.0,0.0,155.0
VMNI89,57.0,0.0,245.0
VMNKO9,74.0,0.0,180.0
VMNXC0,154.0,111.0,223.0
VMODDK,194.0,142.0,125.0
VMP3XV,81.0,0.0,138.0
VMP5T1,246.0,201.0,340.0
VMQ74P,218.0,174.0,298.0
VMQ99A,71.0,0.0,135.0
VMRQCT,115.0,102.0,100.0
VMRRWQ,88.0,0.0,103.0
VMS7TR,192.0,193.0,255.0
VMSK1H,195.0,164.0,183.0
VMSLRW,90.0,0.0,212.0
VMSN9G,127.0,0.0,211.0
VMT71W,73.0,0.0,83.0
VMTBJR,136.0,132.0,121.0
VMTD4W,126.0,105.0,117.0
VMTNSJ,116.0,102.0,151.0
VMTTQ3,87.0,87.0,86.0
VMU8O5,109.0,0.0,152.0
VMWTB1,54.0,0.0,92.0
VMWY6J,110.0,0.0,131.0
VMY7BP,68.0,0.0,133.0
VMY8WP,102.0,0.0,252.0
VMYG00,166.0,0.0,295.0
VMZEZA,86.0,0.0,182.0
VMZPS4,76.0,0.0,100.0
VMZQ3D,122.0,139.0,111.0
VN0I2Z,130.0,86.0,145.0
VN17VH,182.0,144.0,226.0
VN1BRJ,211.0,0.0,339.0
VN3F9Z,72.0,0.0,99.0
VN3X88,145.0,128.0,123.0
VN49UR,0.0,0.0,
VN5HVM,42.0,0.0,167.0
VN6Z2N,203.0,207.0,319.0
VN82H4,77.0,0.0,84.0
VN8TW5,147.0,143.0,225.0
VN9VJN,163.0,138.0,268.0
VNANKL,113.0,0.0,159.0
VNB54O,8.0,0.0,2.0
VNCNG4,183.0,0.0,118.0
VND2S0,249.0,242.0,410.0
VNDJYN,113.0,115.0,159.0
VNEPCB,101.0,101.0,62.0
VNEPK5,139.0,115.0,231.0
VNESQE,168.0,0.0,272.0
VNEY5D,64.0,0.0,70.0
VNFCLU,139.0,110.0,202.0
VNFDEB,137.0,0.0,227.0
VNFFBI,110.0,0.0,142.0
VNFGPR,119.0,95.0,128.0
VNFOKA,179.0,0.0,247.0
VNG5IL,52.0,45.0,49.0
VNGHHG,144.0,0.0,227.0
VNGRZW,211.0,0.0,326.0
VNHTOG,65.0,0.0,135.0
VNIDA4,241.0,239.0,207.0
VNIMGS,270.0,218.0,347.0
VNMN8R,189.0,156.0,253.0
VNN89Q,138.0,0.0,252.0
VNNCHP,127.0,0.0,182.0
VNOCNL,53.0,0.0,133.0
VNPJQ6,86.0,0.0,201.0
VNQ5GI,197.0,0.0,249.0
VNQSJI,165.0,122.0,261.0
VNQX61,53.0,0.0,94.0
VNR0VZ,121.0,0.0,209.0
VNRX6D,176.0,0.0,284.0
VNS89H,183.0,154.0,302.0
VNT34C,147.0,0.0,240.0
VNTBNE,81.0,0.0,193.0
VNTV62,147.0,119.0,164.0
VNUYDW,74.0,0.0,134.0
VNV45D,185.0,0.0,269.0
VNVOI6,119.0,0.0,239.0
VNW9A6,92.0,74.0,65.0
VNW9ZT,130.0,0.0,189.0
VNWDAJ,95.0,0.0,128.0
VNZPGL,93.0,0.0,218.0
VO0KDF,172.0,0.0,298.0
VO10X6,45.0,0.0,140.0
VO136C,116.0,0.0,397.0
VO137J,128.0,0.0,295.0
VO4UIJ,93.0,80.0,113.0
VO51QN,144.0,0.0,114.0
VO615S,104.0,113.0,218.0
VO7OKN,215.0,173.0,149.0
VO8KEN,180.0,0.0,274.0
VO99M5,85.0,0.0,164.0
VOA27A,77.0,0.0,131.0
VOBZCR,144.0,120.0,228.0
VODRSB,130.0,0.0,273.0
VOEUON,92.0,0.0,143.0
VOF48A,121.0,0.0,170.0
VOFI2M,71.0,0.0,152.0
VOFL4F,118.0,0.0,257.0
VOGJHG,189.0,160.0,121.0
VOITEI,35.0,43.0,25.0
VOJRKI,209.0,165.0,286.0
VOK6OK,121.0,0.0,149.0
VOL824,137.0,0.0,336.0
VOLN58,236.0,214.0,375.0
VOLROE,140.0,110.0,195.0
VOM3UI,66.0,0.0,159.0
VOMGL7,38.0,0.0,102.0
VOMGYR,237.0,192.0,313.0
VOMLT7,118.0,0.0,198.0
VOMVLT,176.0,129.0,106.0
VON1OO,185.0,155.0,241.0
VONRWL,57.0,0.0,142.0
VOP1SN,89.0,0.0,134.0
VOPJ66,180.0,116.0,190.0
VOQGH9,149.0,130.0,134.0
VOQN6P,150.0,131.0,213.0
VOQPVZ,87.0,0.0,154.0
VOQVKL,195.0,0.0,266.0
VORG59,222.0,204.0,205.0
VORP1W,38.0,0.0,80.0
VORW0X,119.0,0.0,165.0
VOSNBO,194.0,171.0,261.0
VOTG1P,189.0,130.0,190.0
VOTV59,172.0,151.0,224.0
VOUC5X,126.0,98.0,78.0
VOUWF9,52.0,0.0,128.0
VOV210,76.0,0.0,168.0
VOVWGM,214.0,0.0,365.0
VOXT2J,189.0,158.0,125.0
VOY9J1,138.0,0.0,174.0
VOYTTK,155.0,0.0,256.0
VOZCYB,148.0,0.0,237.0
VOZVY6,100.0,102.0,78.0
VP08G6,115.0,0.0,195.0
VP0I94,77.0,72.0,115.0
VP0LAZ,240.0,221.0,368.0
VP1E9L,95.0,0.0,153.0
VP2L0L,212.0,179.0,135.0
VP2P3K,170.0,0.0,377.0
VP2R0N,259.0,225.0,365.0
VP3037,86.0,0.0,137.0
VP3UH4,162.0,131.0,231.0
VP4CBR,82.0,0.0,122.0
VP4Q2E,61.0,0.0,77.0
VP59J7,98.0,0.0,180.0
VP5W8F,105.0,0.0,206.0
VP5ZAB,125.0,0.0,233.0
VP6Y2S,164.0,0.0,259.0
VP8AMJ,136.0,130.0,164.0
VP8PV0,113.0,116.0,160.0
VP8ZEE,100.0,0.0,188.0
VPADD6,154.0,138.0,260.0
VPBCJE,184.0,0.0,311.0
VPC4LA,179.0,142.0,240.0
VPDPCM,248.0,211.0,298.0
VPE8BL,129.0,140.0,177.0
VPEB3X,293.0,231.0,336.0
VPF8F3,98.0,0.0,164.0
VPGT81,239.0,175.0,268.0
VPHQUZ,125.0,0.0,232.0
VPIJ0G,106.0,0.0,202.0
VPIK16,201.0,169.0,266.0
VPJNP0,120.0,0.0,174.0
VPKOZ2,45.0,0.0,143.0
VPL82X,53.0,0.0,106.0
VPLEJL,117.0,0.0,255.0
VPM2UP,70.0,0.0,111.0
VPMSNG,96.0,0.0,73.0
VPNE3S,264.0,192.0,362.0
VPNRH4,151.0,120.0,207.0
VPO5E3,183.0,166.0,126.0
VPOVJ1,127.0,0.0,252.0
VPP5FT,87.0,0.0,212.0
VPQUXC,85.0,0.0,144.0
VPT3AV,143.0,136.0,132.0
VPT49P,112.0,0.0,206.0
VPTF7M,181.0,164.0,304.0
VPWQBS,117.0,85.0,82.0
VPXQ5M,88.0,0.0,220.0
VPXUOZ,207.0,169.0,333.0
VPZGBE,206.0,182.0,248.0
VPZUUX,182.0,142.0,160.0
VQ1HHR,186.0,0.0,337.0
VQ1Q2F,50.0,0.0,134.0
VQ2927,81.0,0.0,206.0
VQ314N,98.0,0.0,156.0
VQ3FT7,233.0,218.0,354.0
VQ4UIF,128.0,0.0,174.0
VQ5VOB,136.0,0.0,270.0
VQ6AHI,119.0,0.0,181.0
VQ6DFN,121.0,0.0,228.0
VQ6PWW,112.0,135.0,104.0
VQ6TOF,166.0,0.0,233.0
VQ7LS0,79.0,66.0,142.0
VQ8K41,87.0,87.0,62.0
VQ9NJP,146.0,0.0,246.0
VQA2Y4,60.0,0.0,115.0
VQB5FK,253.0,247.0,387.0
VQB9DQ,136.0,130.0,154.0
VQBE96,123.0,0.0,257.0
VQBMPT,67.0,0.0,176.0
VQCCRA,117.0,0.0,204.0
VQD5BP,206.0,172.0,178.0
VQD73F,102.0,89.0,203.0
VQE3KC,134.0,0.0,249.0
VQEB4Q,220.0,183.0,134.0
VQEP3U,146.0,0.0,213.0
VQF7CE,54.0,0.0,128.0
VQFHUE,122.0,0.0,145.0
VQFR36,149.0,0.0,247.0
VQFSDB,154.0,120.0,183.0
VQG3OF,141.0,0.0,338.0
VQHZJF,246.0,0.0,426.0
VQI6N0,232.0,201.0,323.0
VQK2TS,196.0,173.0,160.0
VQK41X,214.0,192.0,314.0
VQL6B7,163.0,134.0,128.0
VQLPI3,85.0,0.0,177.0
VQO0S6,111.0,0.0,226.0
VQO5VH,91.0,63.0,58.0
VQQ90U,119.0,0.0,162.0
VQQY3T,194.0,160.0,185.0
VQRCOI,187.0,0.0,213.0
VQRDAM,93.0,0.0,113.0
VQT0Y3,117.0,0.0,268.0
VQT7KE,233.0,219.0,321.0
VQTF8B,110.0,0.0,251.0
VQUR0B,116.0,0.0,207.0
VQVGVZ,48.0,0.0,98.0
VQVL9I,109.0,97.0,119.0
VQWTOE,89.0,0.0,119.0
VQWUQN,68.0,0.0,91.0
VQWWUE,186.0,126.0,212.0
VQXAO9,117.0,116.0,69.0
VQXDHT,82.0,0.0,216.0
VQY47P,121.0,115.0,139.0
VQYRHO,55.0,0.0,78.0
VQYXLB,154.0,0.0,297.0
VQYXZ3,240.0,199.0,318.0
VR00V4,59.0,58.0,66.0
VR017W,155.0,146.0,267.0
VR0MOH,257.0,177.0,335.0
VR19I9,232.0,193.0,285.0
VR1CXM,152.0,0.0,257.0
VR1GTD,191.0,0.0,319.0
VR1JOR,94.0,0.0,94.0
VR1XVI,160.0,0.0,260.0
VR235O,61.0,0.0,124.0
VR2KSA,138.0,133.0,256.0
VR4UUJ,0.0,124.0,191.0
VR54L3,176.0,147.0,225.0
VR5B97,104.0,0.0,160.0
VR67U6,112.0,0.0,181.0
VR693W,176.0,137.0,244.0
VR69X6,51.0,0.0,105.0
VR6V52,210.0,0.0,332.0
VR8C6C,170.0,0.0,294.0
VR8E19,106.0,102.0,108.0
VR8W6G,141.0,111.0,110.0
VR9PJF,180.0,0.0,295.0
VRADL2,84.0,0.0,120.0
VRARMF,121.0,0.0,247.0
VRBARD,140.0,0.0,233.0
VRCBO6,144.0,114.0,230.0
VRDLZF,228.0,192.0,331.0
VRDXKW,138.0,129.0,203.0
VREE6Z,229.0,183.0,304.0
VREQ3J,39.0,0.0,115.0
VREQLQ,160.0,0.0,226.0
VREV0N,146.0,131.0,126.0
VRFG0E,167.0,163.0,201.0
VRFQNO,112.0,0.0,145.0
VRKHLF,179.0,161.0,191.0
VRKWFQ,215.0,183.0,339.0
VRL0ZG,121.0,0.0,222.0
VRM02Q,37.0,0.0,47.0
VRNJQU,98.0,0.0,203.0
VRO6RY,99.0,69.0,121.0
VROLIU,181.0,186.0,308.0
VRPBN7,50.0,0.0,151.0
VRPSK0,100.0,0.0,173.0
VRQ166,108.0,0.0,254.0
VRR7DQ,64.0,64.0,50.0
VRRIOL,218.0,204.0,160.0
VRSDDJ,110.0,0.0,265.0
VRTGRX,122.0,0.0,270.0
VRTMFX,242.0,196.0,310.0
VRTOVG,216.0,189.0,205.0
VRUZFG,93.0,0.0,130.0
VRVQLE,262.0,204.0,405.0
VRZSL3,181.0,164.0,255.0
VRZXT6,93.0,0.0,142.0
VS07JA,129.0,0.0,206.0
VS08GD,98.0,0.0,182.0
VS0ATU,106.0,0.0,221.0
VS0RGM,53.0,74.0,53.0
VS0Z44,246.0,212.0,344.0
VS1ZST,159.0,0.0,173.0
VS2IG1,154.0,0.0,230.0
VS2Y5X,134.0,0.0,263.0
VS39X9,160.0,0.0,252.0
VS3DYK,130.0,0.0,280.0
VS3EWV,104.0,94.0,108.0
VS4NBP,163.0,0.0,277.0
VS5F60,111.0,105.0,113.0
VS5G5E,148.0,0.0,245.0
VS5OEG,67.0,0.0,166.0
VS5TB5,114.0,109.0,131.0
VS5X5T,36.0,0.0,113.0
VS618I,136.0,0.0,250.0
VS7JGZ,33.0,0.0,56.0
VS8CIG,169.0,170.0,266.0
VS8MEX,73.0,0.0,113.0
VS9A0O,156.0,0.0,244.0
VS9EPY,56.0,0.0,50.0
VS9O25,162.0,0.0,177.0
VSAW55,138.0,115.0,156.0
VSBR7J,232.0,160.0,161.0
VSC0UI,72.0,0.0,184.0
VSCAXD,112.0,0.0,154.0
VSD1UZ,72.0,0.0,107.0
VSDHN8,44.0,0.0,95.0
VSEFK9,142.0,126.0,156.0
VSF81E,175.0,0.0,331.0
VSFHH6,0.0,218.0,301.0
VSGFUT,50.0,57.0,40.0
VSH1WE,109.0,99.0,87.0
VSH6RW,162.0,112.0,189.0
VSHD6H,163.0,129.0,144.0
VSIMJ7,161.0,0.0,248.0
VSIWOC,74.0,0.0,153.0
VSIX5I,96.0,124.0,169.0
VSJXR4,101.0,0.0,137.0
VSK5HW,159.0,0.0,257.0
VSKHLT,169.0,0.0,234.0
VSKVAM,78.0,0.0,164.0
VSLHR2,83.0,78.0,82.0
VSLJJR,55.0,0.0,74.0
VSLWCM,52.0,0.0,137.0
VSM7HL,171.0,147.0,101.0
VSMUOH,164.0,102.0,114.0
VSMZLQ,173.0,0.0,196.0
VSNAX3,63.0,0.0,115.0
VSPQHK,99.0,0.0,220.0
VSQ8XR,104.0,0.0,192.0
VSR56V,95.0,0.0,157.0
VSSOJQ,125.0,0.0,200.0
VSSQ75,58.0,0.0,171.0
VSSY8Y,167.0,134.0,236.0
VSTACS,149.0,0.0,277.0
VSTN10,102.0,0.0,129.0
VSTPXP,124.0,0.0,91.0
VSULLW,251.0,191.0,309.0
VSVGGQ,69.0,0.0,162.0
VSWSNY,152.0,0.0,223.0
VSX9C2,161.0,0.0,226.0
VSXHDG,205.0,186.0,239.0
VSXZII,253.0,196.0,184.0
VSY0KT,177.0,0.0,398.0
VSY399,88.0,0.0,224.0
VSYLAG,30.0,0.0,66.0
VSZ99C,143.0,127.0,233.0
VSZNV3,142.0,131.0,185.0
VT0NJY,50.0,0.0,96.0
VT1CWP,137.0,112.0,219.0
VT1IVC,102.0,0.0,129.0
VT2F0R,155.0,0.0,283.0
VT2O2F,139.0,0.0,188.0
VT40XO,139.0,0.0,173.0
VT5UOH,107.0,0.0,272.0
VT6NQC,77.0,76.0,106.0
VT80ZA,198.0,128.0,215.0
VT8EKH,77.0,0.0,91.0
VTA6TD,88.0,0.0,136.0
VTALEJ,155.0,0.0,322.0
VTARO6,202.0,0.0,256.0
VTCEZ2,114.0,0.0,191.0
VTCFL1,105.0,0.0,134.0
VTD3D4,174.0,154.0,238.0
VTDAHZ,91.0,0.0,193.0
VTETOY,124.0,0.0,200.0
VTFDDH,146.0,0.0,175.0
VTGDYY,185.0,183.0,234.0
VTL79A,83.0,0.0,226.0
VTNHLT,194.0,179.0,270.0
VTP6JE,125.0,95.0,196.0
VTPGT9,106.0,0.0,104.0
VTQ28C,142.0,0.0,215.0
VTQNH8,114.0,88.0,119.0
VTSDNR,202.0,172.0,303.0
VTT6CY,122.0,111.0,239.0
VTTYB4,93.0,0.0,137.0
VTUQVL,180.0,194.0,167.0
VTWLDB,157.0,0.0,230.0
VTWUM8,130.0,118.0,226.0
VTZW8F,80.0,0.0,200.0
VU0WT9,78.0,0.0,246.0
VU1RHC,142.0,0.0,243.0
VU27ZK,32.0,0.0,71.0
VU29SB,187.0,180.0,311.0
VU37VZ,115.0,0.0,222.0
VU3NON,208.0,0.0,228.0
VU4OMZ,69.0,0.0,171.0
VU4UJ1,151.0,0.0,306.0
VU546G,109.0,0.0,120.0
VU5679,180.0,0.0,258.0
VU6V3M,167.0,147.0,234.0
VU6VE5,70.0,0.0,140.0
VU76CR,96.0,0.0,182.0
VU84FM,126.0,0.0,218.0
VU96B3,33.0,0.0,188.0
VUAHEP,77.0,0.0,224.0
VUAP4E,30.0,0.0,88.0
VUBUXB,97.0,104.0,153.0
VUCGX0,103.0,0.0,249.0
VUCVXM,173.0,0.0,228.0
VUD8XW,90.0,0.0,119.0
VUE53R,82.0,0.0,180.0
VUEKUS,184.0,0.0,297.0
VUGP8W,87.0,0.0,104.0
VUH3CJ,190.0,160.0,286.0
VUHK2Z,63.0,0.0,86.0
VUJ829,199.0,175.0,283.0
VUJA03,163.0,0.0,239.0
VULDEN,103.0,0.0,164.0
VULOFQ,135.0,0.0,237.0
VUMB0Y,110.0,89.0,84.0
VUO1B2,87.0,0.0,196.0
VUO5I7,140.0,112.0,59.0
VUPK67,75.0,0.0,138.0
VUR0YN,99.0,0.0,167.0
VUSLFL,143.0,0.0,256.0
VUSPBL,54.0,0.0,117.0
VUUBDF,283.0,239.0,342.0
VUUDII,121.0,101.0,752.0
VUUI0H,120.0,0.0,231.0
VUUOIT,88.0,0.0,184.0
VUURRJ,86.0,94.0,191.0
VUV3QJ,213.0,178.0,294.0
VUVJ4Y,21.0,0.0,47.0
VUW88M,189.0,156.0,232.0
VUXZVX,106.0,76.0,140.0
VUY404,108.0,107.0,181.0
VUYRU9,101.0,0.0,164.0
VUZJOJ,125.0,0.0,209.0
VUZKIP,118.0,0.0,232.0
VV0MRX,181.0,0.0,371.0
VV1U4T,116.0,0.0,233.0
VV1WMI,95.0,0.0,152.0
VV3BC7,103.0,98.0,207.0
VV3FPX,45.0,0.0,102.0
VV3YV8,170.0,175.0,313.0
VV45IR,112.0,0.0,204.0
VV5SGU,7.0,0.0,3.0
VV639H,213.0,160.0,260.0
VV71E6,99.0,0.0,228.0
VV7XIW,174.0,140.0,263.0
VV877S,190.0,169.0,354.0
VV8Z54,128.0,118.0,196.0
VV9PVW,123.0,0.0,194.0
VV9YAM,192.0,143.0,250.0
VVAE9L,226.0,194.0,144.0
VVCMVB,141.0,0.0,279.0
VVEIXI,158.0,0.0,222.0
VVGG3U,96.0,102.0,122.0
VVGMJE,160.0,0.0,253.0
VVH18D,159.0,0.0,194.0
VVHM1U,96.0,0.0,193.0
VVIEIZ,100.0,88.0,175.0
VVIPL7,263.0,222.0,211.0
VVJS40,168.0,0.0,215.0
VVK3XC,105.0,0.0,223.0
VVLHKJ,97.0,0.0,130.0
VVLSK3,119.0,0.0,115.0
VVMFY7,138.0,96.0,205.0
VVMH8R,109.0,0.0,201.0
VVMU5W,171.0,0.0,289.0
VVOBA0,119.0,0.0,157.0
VVQEDC,99.0,0.0,136.0
VVQZMP,133.0,0.0,258.0
VVRBSV,79.0,0.0,156.0
VVS7GN,129.0,0.0,266.0
VVS9OY,172.0,133.0,266.0
VVS9ZY,181.0,146.0,214.0
VVUUAW,149.0,0.0,228.0
VVVC0F,104.0,0.0,190.0
VVVODK,125.0,0.0,190.0
VVYRCJ,127.0,0.0,245.0
VW1191,118.0,0.0,197.0
VW29UH,129.0,112.0,227.0
VW4N4P,54.0,0.0,102.0
VW575C,178.0,153.0,173.0
VW59XJ,121.0,0.0,240.0
VW5BRB,165.0,153.0,328.0
VW5DGL,108.0,106.0,178.0
VW5OH8,101.0,0.0,234.0
VW622R,193.0,144.0,251.0
VW683D,95.0,0.0,120.0
VW6QOI,77.0,0.0,145.0
VW6TX4,99.0,0.0,197.0
VW7FU7,93.0,0.0,196.0
VW8DN6,110.0,0.0,153.0
VW8KUI,244.0,0.0,376.0
VWALAI,112.0,0.0,200.0
VWBH1L,35.0,0.0,65.0
VWBL93,158.0,0.0,177.0
VWBMOB,127.0,0.0,186.0
VWC1V7,60.0,0.0,46.0
VWD8FI,134.0,0.0,260.0
VWDJSA,124.0,0.0,277.0
VWF3HM,85.0,0.0,292.0
VWGA93,288.0,232.0,411.0
VWGBH0,216.0,181.0,139.0
VWGSZQ,138.0,101.0,147.0
VWH508,72.0,0.0,157.0
VWIFK7,55.0,0.0,141.0
VWJHOD,125.0,0.0,222.0
VWKCGE,219.0,192.0,352.0
VWKR11,220.0,173.0,262.0
VWKZ0R,206.0,170.0,275.0
VWLZJN,159.0,135.0,196.0
VWM3TF,99.0,0.0,285.0
VWM3TQ,73.0,0.0,208.0
VWNFTU,67.0,0.0,137.0
VWO9OM,151.0,158.0,194.0
VWP2I5,120.0,0.0,188.0
VWPC7H,126.0,0.0,188.0
VWPR2L,114.0,0.0,231.0
VWQ8LQ,82.0,67.0,101.0
VWQMAK,117.0,0.0,152.0
VWRSLA,108.0,0.0,155.0
VWS2Q4,226.0,204.0,263.0
VWSHOI,78.0,0.0,147.0
VWSUHB,81.0,69.0,113.0
VWT2R8,143.0,120.0,154.0
VWTYJT,150.0,0.0,242.0
VWU26B,188.0,152.0,151.0
VWVHMO,267.0,217.0,401.0
VWVHZE,121.0,0.0,244.0
VWW8IN,74.0,0.0,221.0
VWWX1X,69.0,0.0,118.0
VWX93I,98.0,0.0,215.0
VWX9IF,97.0,0.0,166.0
VWXKPI,66.0,0.0,154.0
VWXSYY,223.0,177.0,323.0
VWZEWE,210.0,191.0,165.0
VWZL8M,190.0,153.0,163.0
VWZXUB,110.0,0.0,230.0
VX0PX6,69.0,0.0,189.0
VX2W7U,215.0,184.0,178.0
VX38WF,58.0,0.0,58.0
VX4EUO,134.0,0.0,226.0
VX5N7I,148.0,0.0,263.0
VX64PI,67.0,0.0,188.0
VX6G26,127.0,0.0,222.0
VX6S2O,46.0,0.0,59.0
VX72LD,66.0,0.0,149.0
VX7EQ1,71.0,65.0,111.0
VX8HDR,86.0,0.0,99.0
VX9Z3C,134.0,0.0,200.0
VXAIBG,98.0,97.0,159.0
VXCM76,166.0,138.0,165.0
VXD4WU,110.0,0.0,129.0
VXDTV6,70.0,0.0,153.0
VXEZEM,96.0,0.0,159.0
VXF28B,76.0,0.0,165.0
VXGCCZ,195.0,153.0,290.0
VXGRN0,107.0,90.0,89.0
VXI6G1,154.0,0.0,237.0
VXJ3KK,78.0,0.0,131.0
VXJXFE,18.0,0.0,32.0
VXKYPO,163.0,124.0,181.0
VXL3GC,115.0,0.0,237.0
VXLDIP,95.0,0.0,180.0
VXLKFV,118.0,0.0,232.0
VXN2H8,98.0,0.0,217.0
VXNEKE,159.0,0.0,273.0
VXOAVV,142.0,0.0,248.0
VXQVSJ,47.0,0.0,215.0
VXQY6V,165.0,159.0,208.0
VXRM5W,98.0,0.0,141.0
VXRT9Y,133.0,0.0,218.0
VXRVLR,180.0,141.0,268.0
VXT9A3,142.0,0.0,244.0
VXUGXK,128.0,0.0,191.0
VXVYX8,230.0,165.0,280.0
VXWUK7,206.0,179.0,107.0
VXXJ9D,191.0,153.0,254.0
VXZTBT,68.0,0.0,121.0
VY0VG1,184.0,137.0,271.0
VY1744,151.0,0.0,297.0
VY1MD3,146.0,0.0,175.0
VY1MGO,212.0,153.0,439.0
VY1Y1Y,78.0,0.0,140.0
VY25ST,211.0,157.0,272.0
VY2CA4,130.0,122.0,227.0
VY2EDD,76.0,0.0,151.0
VY2X73,180.0,144.0,262.0
VY31L5,97.0,0.0,212.0
VY53DF,94.0,0.0,191.0
VY5LA8,72.0,0.0,65.0
VY824V,117.0,86.0,147.0
VY8NWU,168.0,137.0,256.0
VY8TD7,72.0,0.0,152.0
VY8TVB,74.0,0.0,152.0
VYAHM9,191.0,141.0,277.0
VYAI5J,170.0,131.0,268.0
VYAXOA,134.0,0.0,272.0
VYBENH,170.0,169.0,111.0
VYBILN,112.0,0.0,243.0
VYBPKM,214.0,196.0,165.0
VYBQC2,111.0,0.0,238.0
VYBVHT,191.0,154.0,276.0
VYBWF5,107.0,0.0,210.0
VYCU1M,134.0,111.0,102.0
VYGCM7,145.0,0.0,244.0
VYHHE1,175.0,0.0,271.0
VYHR28,107.0,112.0,132.0
VYHVL7,108.0,0.0,186.0
VYI4ZJ,186.0,174.0,327.0
VYIC4O,236.0,204.0,254.0
VYJOVS,103.0,108.0,148.0
VYJX9R,109.0,104.0,226.0
VYJY1Q,181.0,149.0,222.0
VYL9BR,93.0,0.0,163.0
VYMT00,112.0,0.0,159.0
VYN8HQ,87.0,0.0,182.0
VYNR2D,197.0,178.0,156.0
VYOWGU,79.0,0.0,173.0
VYOWVQ,166.0,153.0,234.0
VYP34W,124.0,93.0,108.0
VYR5E2,107.0,103.0,78.0
VYRK9P,128.0,0.0,229.0
VYS8D6,95.0,0.0,154.0
VYSCTF,57.0,0.0,90.0
VYST3I,230.0,172.0,386.0
VYT2M7,227.0,201.0,359.0
VYTTP7,126.0,0.0,195.0
VYTUQB,99.0,0.0,155.0
VYV2O5,133.0,0.0,214.0
VYVFO8,48.0,0.0,46.0
VYW543,131.0,0.0,237.0
VYWBYK,262.0,195.0,150.0
VYWGO6,61.0,0.0,104.0
VYWOWJ,145.0,99.0,156.0
VYYIUL,119.0,0.0,226.0
VYZ4IW,186.0,0.0,313.0
VYZFIT,170.0,0.0,201.0
VZ130X,177.0,0.0,347.0
VZ1AH2,107.0,0.0,193.0
VZ1KA0,66.0,0.0,52.0
VZ31BQ,41.0,0.0,77.0
VZ3XB1,128.0,161.0,131.0
VZ4EH6,190.0,150.0,245.0
VZ4H9M,75.0,0.0,167.0
VZ5RV3,202.0,0.0,232.0
VZ5XUL,132.0,0.0,180.0
VZ6D5K,100.0,0.0,161.0
VZ6Z5D,114.0,0.0,186.0
VZ7UAZ,122.0,0.0,184.0
VZ7YSM,218.0,172.0,308.0
VZ8AXD,168.0,166.0,171.0
VZ9NE7,113.0,0.0,138.0
VZC7MM,120.0,0.0,142.0
VZCLH2,124.0,0.0,165.0
VZDFL5,172.0,0.0,313.0
VZDRC2,191.0,0.0,322.0
VZESF9,103.0,0.0,201.0
VZEXSW,120.0,0.0,137.0
VZG7T1,98.0,0.0,246.0
VZGDBV,188.0,160.0,124.0
VZGZLV,65.0,0.0,185.0
VZHO9I,159.0,0.0,239.0
VZHOAT,130.0,0.0,246.0
VZHXCJ,141.0,0.0,192.0
VZIO94,99.0,0.0,209.0
VZIVTO,50.0,0.0,148.0
VZJ5WW,211.0,185.0,298.0
VZJICJ,47.0,0.0,134.0
VZK77E,141.0,0.0,273.0
VZMDR2,137.0,0.0,280.0
VZMLUK,127.0,0.0,171.0
VZOMOW,74.0,0.0,136.0
VZQLWU,161.0,0.0,271.0
VZQYWY,133.0,0.0,262.0
VZR2LZ,190.0,173.0,117.0
VZR42V,200.0,0.0,303.0
VZSPJW,115.0,0.0,291.0
VZSQ0C,106.0,95.0,122.0
VZTMOW,96.0,0.0,226.0
VZUFR8,118.0,101.0,161.0
VZWEWM,140.0,0.0,309.0
VZXIHP,223.0,198.0,366.0
VZY957,118.0,0.0,226.0
VZYSJ2,67.0,0.0,84.0
VZZW6V,157.0,0.0,185.0
